{
    "loss": 6.9710893630981445,
    "accuracy": 0.7421383857727051
}