{
    "loss": 4.780491828918457,
    "accuracy": 0.7987421154975891
}